Lane,index,index2,# Reads,% of Unknown Barcodes,% of All Reads
1,AATCGGCG,TCAATATT,33849492,0.320422,0.320422
1,AATCGTTA,ACGTTATT,13241640,0.125346,0.125346
1,TTTCGGCG,TCAATATT,2547149,0.024112,0.024112
1,TTTGGTTT,TGGTTTTT,1733511,0.016410,0.016410
1,TTTCGTTA,ACGTTATT,1612684,0.015266,0.015266
1,TTGGGTTT,TGGTTTTT,1574248,0.014902,0.014902
1,TTTGGGCG,TCAATATT,1517564,0.014365,0.014365
1,TTGGGTTT,TGGTGTGG,1493507,0.014138,0.014138
1,TTTGGTTA,ACGTTATT,1455232,0.013775,0.013775
1,GGGGGTTT,TGGGGGGG,1374115,0.013007,0.013007
1,TTTGGTTA,TGGTTTTT,1317932,0.012476,0.012476
1,TTTGGTTA,AGGTTTTT,1274845,0.012068,0.012068
1,TATCGGCG,TCAATATT,1102893,0.010440,0.010440
1,TTGGGTTA,AGGTTTTT,1044575,0.009888,0.009888
1,TTGGGTTA,ACGTTATT,974017,0.009220,0.009220
1,AATCGGCG,ACGTTATT,946312,0.008958,0.008958
1,AATCGTTA,TCAATATT,849541,0.008042,0.008042
1,ATTCGTTA,ACGTTATT,810652,0.007674,0.007674
1,TTGGGTTA,TGGTTTTT,782683,0.007409,0.007409
1,TTGGGGCG,TCAATATT,771315,0.007301,0.007301
1,TTGGGGGG,GGTTTTTT,750262,0.007102,0.007102
1,TTTGGTTA,ACGTTTTT,601594,0.005695,0.005695
1,TATCGTTA,ACGTTATT,599509,0.005675,0.005675
1,TTTGGGCG,TGAATTTT,561601,0.005316,0.005316
1,TTTGGGCG,GGAATTTT,519722,0.004920,0.004920
1,TTGCGTTA,ACGTTATT,503125,0.004763,0.004763
1,TTGGGTTA,ACGTTTTT,494966,0.004685,0.004685
1,TTGGGGGG,GGTGGTGG,485372,0.004595,0.004595
1,AAGCGTTA,ACGTTATT,480399,0.004547,0.004547
1,TTTGGTTT,AGGTTTTT,460510,0.004359,0.004359
1,TTGGGTTT,AGGTTTTT,447721,0.004238,0.004238
1,AATCGGCG,TCAATTTT,384073,0.003636,0.003636
1,TTGGGGCG,GGTATTTT,372066,0.003522,0.003522
1,GGGGGGGG,GGCGGGGG,369342,0.003496,0.003496
1,GGGGGGGG,GGTGGGGG,368449,0.003488,0.003488
1,TTGGGGCG,GGTTTTTT,354550,0.003356,0.003356
1,AATGGTTA,ACGTTATT,349957,0.003313,0.003313
1,TTTGGTTA,AGGTTATT,336434,0.003185,0.003185
1,AATCGGCG,TGAATATT,334179,0.003163,0.003163
1,TTGGGGGG,GGTTGTGG,311168,0.002946,0.002946
1,TTGCGGCG,TCAATATT,292426,0.002768,0.002768
1,TTGGGTTT,AGGTGTGG,288482,0.002731,0.002731
1,AAGCGGCG,TCAATATT,285109,0.002699,0.002699
1,TTTGGGCG,GGATTTTT,279528,0.002646,0.002646
1,TTTCGTTA,ACGTTTTT,251357,0.002379,0.002379
1,TTGGGTTT,ACGTTATT,247350,0.002341,0.002341
1,TTGGGGCG,GGTGGTGG,220114,0.002084,0.002084
1,ATTCGGCG,TCAATATT,202029,0.001912,0.001912
1,ATTGGTTA,ACGTTATT,200645,0.001899,0.001899
1,TTTGGGCG,TCAATTTT,199331,0.001887,0.001887
1,AATGGGCG,TCAATATT,194524,0.001841,0.001841
1,TTGGGTTT,TGGGGTGG,193526,0.001832,0.001832
1,TTTGGGCG,TGAATATT,192584,0.001823,0.001823
1,TTTGGGGG,GGGTTTTT,190571,0.001804,0.001804
1,TTTGGTTT,ACGTTATT,184220,0.001744,0.001744
1,AATCGGCG,GCAATATT,184103,0.001743,0.001743
1,TTGGGTTA,AGGTTATT,176664,0.001672,0.001672
1,GGGGGGGG,GGCCGGGG,172335,0.001631,0.001631
1,TTTCGGCG,TCAATTTT,170826,0.001617,0.001617
1,AATCGTTA,AGGTTATT,169336,0.001603,0.001603
1,TTGGGTTT,ACGTTTTT,166257,0.001574,0.001574
1,TTTGGGGG,GGTTTTTT,163115,0.001544,0.001544
1,TTTGGGGG,GGATTTTT,162515,0.001538,0.001538
1,TTGGGGGG,GGTATTTT,159132,0.001506,0.001506
1,TTGGGGCG,TGTATTTT,158845,0.001504,0.001504
1,CCGGGGGG,GGCCGGGG,158096,0.001497,0.001497
1,TTTCGTTA,AGGTTATT,157934,0.001495,0.001495
1,TTTCGTTA,AGGTTTTT,155513,0.001472,0.001472
1,AATCGTTA,ACGTTTTT,152434,0.001443,0.001443
1,TTTGGTTT,ACGTTTTT,150598,0.001426,0.001426
1,ATGCGTTA,ACGTTATT,145502,0.001377,0.001377
1,TTTCGGCG,TGAATTTT,143280,0.001356,0.001356
1,TTGGGGCG,GGTTGTGG,136177,0.001289,0.001289
1,CCGGGTTA,AGGGGGGG,132983,0.001259,0.001259
1,TTTCGGCG,TGAATATT,120294,0.001139,0.001139
1,GGGGGTTT,AGGGGGGG,119397,0.001130,0.001130
1,TTTGGGCG,GGGTTTTT,118749,0.001124,0.001124
1,TTGGGGCG,GGTAGTGG,117721,0.001114,0.001114
1,TTGGGGCG,GGAATTTT,112661,0.001066,0.001066
1,TTTGGGCG,TGATTTTT,104509,0.000989,0.000989
1,TTTCGTTA,TCAATATT,104491,0.000989,0.000989
1,TTGGGGCG,TGAATATT,102415,0.000969,0.000969
1,TATGGTTA,ACGTTATT,99511,0.000942,0.000942
1,TTTGGGGG,GGAATTTT,99154,0.000939,0.000939
1,TTTGGGGG,TGAATTTT,98046,0.000928,0.000928
1,TATCGGCG,TCAATTTT,93630,0.000886,0.000886
1,TTTGGGCG,GGTTTTTT,91084,0.000862,0.000862
1,TTTGGGCG,TGTATTTT,90409,0.000856,0.000856
1,TTTGGTTA,TCAATATT,89679,0.000849,0.000849
1,TTGCGTTA,ACGTTTTT,89660,0.000849,0.000849
1,GGGGGGTT,TGGGGGGG,89194,0.000844,0.000844
1,AATCGTTA,ACTTTATT,88226,0.000835,0.000835
1,TTTCGGCG,GGAATTTT,88147,0.000834,0.000834
1,AATCGGCG,TGAATTTT,84694,0.000802,0.000802
1,TTGGGTTT,TGGTGTTT,83614,0.000791,0.000791
1,TTGGGGCG,TGAATTTT,83203,0.000788,0.000788
1,TAGCGTTA,ACGTTATT,81181,0.000768,0.000768
1,CCGGGGCG,GGCCGGGG,79479,0.000752,0.000752
1,GGGGGTTT,TGGTGGGG,78437,0.000742,0.000742
1,TTGGGGCG,TCAATTTT,78064,0.000739,0.000739
1,GGGGGTTT,GGGGGGGG,78063,0.000739,0.000739
1,AATCGGCG,GGGGGGGG,76407,0.000723,0.000723
1,TTTGGTTT,AGGTTATT,76243,0.000722,0.000722
1,GGGGGTTT,ACGTTATT,74845,0.000708,0.000708
1,TTTCGGCG,ACGTTATT,74387,0.000704,0.000704
1,TTGGGGGG,TGTATTTT,74226,0.000703,0.000703
1,TTTGGTTA,TCGTTTTT,73894,0.000699,0.000699
1,TTGGGGGG,TGTTTTTT,73879,0.000699,0.000699
1,CCGGGTTA,ACGTTATT,73276,0.000694,0.000694
1,AATCGTTA,ACCTTATT,72357,0.000685,0.000685
1,TTGGGTTT,TGGTGTTG,68589,0.000649,0.000649
1,ATTCGTTA,ACGTTTTT,68235,0.000646,0.000646
1,TTGGGTTT,AGGTTATT,67382,0.000638,0.000638
1,GGGGGGCG,GGCGGGGG,66936,0.000634,0.000634
1,TTTGGGGG,TGATTTTT,66707,0.000631,0.000631
1,TATGGGCG,TCAATATT,66220,0.000627,0.000627
1,TTTGGGGG,TGTTTTTT,66018,0.000625,0.000625
1,TATCGGCG,TGAATATT,65159,0.000617,0.000617
1,AATCGTTA,ACGTGATT,64105,0.000607,0.000607
1,CCTCGGCG,TCAATATT,64084,0.000607,0.000607
1,ATTCGTTA,AGGTTATT,63916,0.000605,0.000605
1,TTGGGTTT,ACGTGTGG,63305,0.000599,0.000599
1,GGGGGGCG,GGTGGGGG,63271,0.000599,0.000599
1,GGGGGGCG,GGCCGGGG,62758,0.000594,0.000594
1,TTTGGTTT,TCGTTTTT,61354,0.000581,0.000581
1,TTTCGTTT,ACGTTATT,60565,0.000573,0.000573
1,TTTGGGGG,TGGTTTTT,59836,0.000566,0.000566
1,GGGGGGGG,TCAATATT,58769,0.000556,0.000556
1,TTGGGGGG,GGTTGTTT,57819,0.000547,0.000547
1,TTGGGTTA,TCAATATT,56843,0.000538,0.000538
1,TAGCGGCG,TCAATATT,55965,0.000530,0.000530
1,TTTGGGCG,GGTATTTT,54974,0.000520,0.000520
1,AATCGGCG,TCAATAGT,54974,0.000520,0.000520
1,AATCGGCG,TCAATATG,53898,0.000510,0.000510
1,TTGGGTTT,TCGTTTTT,52696,0.000499,0.000499
1,GGGGGTTA,ACGTTATT,52011,0.000492,0.000492
1,TTTGGGCG,GCAATTTT,51790,0.000490,0.000490
1,AATCGGCT,TCAATATT,51423,0.000487,0.000487
1,CCGGGTTA,GGGGGGGG,51266,0.000485,0.000485
1,AATCGTTT,ACGTTATT,50861,0.000481,0.000481
1,AATCGGCG,TCAAGATT,49422,0.000468,0.000468
1,CCGGGTTA,TGGGGGGG,49399,0.000468,0.000468
1,TTTGGGCG,ACGTTATT,48750,0.000461,0.000461
1,TTTGGGCG,TGTTTTTT,48614,0.000460,0.000460
1,GATCGGCG,TCAATATT,47478,0.000449,0.000449
1,CCGGGTTA,AGGTGGGG,46768,0.000443,0.000443
1,TTGGGGGG,GGTAGTGG,46638,0.000441,0.000441
1,TTTGGGCG,TGGTTTTT,46460,0.000440,0.000440
1,TTGCGTTA,AGGTTTTT,46250,0.000438,0.000438
1,TTTCGGCG,GCAATTTT,46096,0.000436,0.000436
1,TTGGGTTT,TGGTGTGT,45475,0.000430,0.000430
1,TTGGGTTA,TCGTTTTT,44528,0.000422,0.000422
1,TTGGGTTA,AGGTGTGG,44524,0.000421,0.000421
1,TTGGGGCG,GCTATTTT,44379,0.000420,0.000420
1,TTGGGTTT,GGGTGTGG,43401,0.000411,0.000411
1,TTGCGTTA,AGGTTATT,42596,0.000403,0.000403
1,CCGCGTTA,ACGTTATT,42438,0.000402,0.000402
1,AATCGGCG,TCTATATT,42394,0.000401,0.000401
1,GGGGGTTT,CGGGGGGG,42260,0.000400,0.000400
1,CCGGGGCG,TCAATATT,42179,0.000399,0.000399
1,ATTGGTTA,AGGTTATT,41711,0.000395,0.000395
1,TATCGTTA,ACGTTTTT,41414,0.000392,0.000392
1,TTGGGGCG,TGTTTTTT,41145,0.000389,0.000389
1,TTGGGGCG,TCTATTTT,41132,0.000389,0.000389
1,TTGGGTTA,TGGTGTTT,41045,0.000389,0.000389
1,AATCGTTA,AGGTTTTT,40801,0.000386,0.000386
1,ATTCGGCG,TCAATTTT,40690,0.000385,0.000385
1,ACTCGTTA,ACGTTATT,40621,0.000385,0.000385
1,TATCGGCG,TGAATTTT,40330,0.000382,0.000382
1,AAGCGGCG,GCAATATT,40165,0.000380,0.000380
1,AATCGGCG,ACAATATT,39477,0.000374,0.000374
1,TTGGGTTT,AGGTGTTG,39450,0.000373,0.000373
1,GGGGGGGG,ACGTTATT,39174,0.000371,0.000371
1,AATGGTTA,AGGTTATT,39117,0.000370,0.000370
1,AATCGGCA,TCAATATT,38829,0.000368,0.000368
1,CCTCGTTA,ACGTTATT,38398,0.000363,0.000363
1,TTGGGGGG,TGGTTTTT,37971,0.000359,0.000359
1,TTGGGTTA,GGGTTTTT,37962,0.000359,0.000359
1,TTGCGGCG,TCAATTTT,37831,0.000358,0.000358
1,TATCGTTA,AGGTTATT,37567,0.000356,0.000356
1,GGCTACCG,GTACCGCC,37450,0.000355,0.000355
1,TTGGGGGG,GGTGTTTT,35797,0.000339,0.000339
1,TTTCGTTA,TGGTTTTT,35609,0.000337,0.000337
1,TATCGGCG,ACGTTATT,35529,0.000336,0.000336
1,TTTCGGCG,GCAATATT,35135,0.000333,0.000333
1,AATCGTTA,ACGTTATG,35045,0.000332,0.000332
1,AATGGGCG,TGAATATT,34721,0.000329,0.000329
1,TTGGGGCG,GCAATTTT,34610,0.000328,0.000328
1,AATCGGCG,GCAATTTT,34326,0.000325,0.000325
1,GGGGGGGG,TGGGGGGG,34055,0.000322,0.000322
1,CATCGTTA,ACGTTATT,34023,0.000322,0.000322
1,ATTGGGCG,TCAATATT,33819,0.000320,0.000320
1,TTGGGTTA,TGGTGTGG,33364,0.000316,0.000316
1,TTGGGTTT,TCGTGTGG,33352,0.000316,0.000316
1,GGGGGTTT,ACGGGGGG,32897,0.000311,0.000311
1,GGCTAATA,CTGGCGCC,32831,0.000311,0.000311
1,GGGGGGCG,TCAATATT,32829,0.000311,0.000311
1,TTTGGTTA,TGGTTATT,32791,0.000310,0.000310
1,ATTGGTTA,ACGTTTTT,31515,0.000298,0.000298
1,TTGGGGCG,TCTATATT,31159,0.000295,0.000295
1,AGTCGTTA,ACGTTATT,31027,0.000294,0.000294
1,TTGCGGCG,GGTATTTT,30797,0.000292,0.000292
1,AATCGTAA,ACGTTATT,30627,0.000290,0.000290
1,TTGGGTTT,GGGGGTGG,30586,0.000290,0.000290
1,TTTGGGGG,TGTATTTT,30274,0.000287,0.000287
1,TTGGGGGG,GGTTTTGT,30094,0.000285,0.000285
1,TTGGGGGG,TCAATATT,29988,0.000284,0.000284
1,TTGCGGCG,GCAATATT,29978,0.000284,0.000284
1,TTGCGTTT,ACGTTATT,29870,0.000283,0.000283
1,TTGGGTTA,AGGTGTTT,29534,0.000280,0.000280
1,ATGGGTTA,ACGTTATT,29498,0.000279,0.000279
1,CATCGGCG,TCAATATT,29257,0.000277,0.000277
1,TATCGGCG,GCAATATT,29152,0.000276,0.000276
1,ATTCGTTA,AGGTTTTT,28583,0.000271,0.000271
1,TTGGGTTT,AGGTGTTT,28562,0.000270,0.000270
1,AATCGGGG,TCAATATT,28501,0.000270,0.000270
1,TTGGGTTT,TGGTTTGG,28475,0.000270,0.000270
1,TTGGGGCG,ACGTTATT,28306,0.000268,0.000268
1,TTGGGGCG,TGTATATT,28077,0.000266,0.000266
1,ATTCGGCG,TGAATATT,28041,0.000265,0.000265
1,GGGGGTTT,TCGGGGGG,27962,0.000265,0.000265
1,GATCGTTA,ACGTTATT,27841,0.000264,0.000264
1,TTGGGTTA,ACGTGTGG,27375,0.000259,0.000259
1,TTGGGTTT,TGGTTTGT,26947,0.000255,0.000255
1,AATCGTTA,ACAATATT,26769,0.000253,0.000253
1,AAGCGTTA,ACGTGATT,26514,0.000251,0.000251
1,ATTCGTTA,TCAATATT,26337,0.000249,0.000249
1,AATCGTCG,TCAATATT,26303,0.000249,0.000249
1,TTGGGTTA,ACGTGATT,26181,0.000248,0.000248
1,AATCGGCG,GGAATATT,25930,0.000245,0.000245
1,TTGCGGCG,GGAATTTT,25867,0.000245,0.000245
1,TTGGGTTT,AGGTGTGT,25730,0.000244,0.000244
1,TTGCGGCG,GCAATTTT,25362,0.000240,0.000240
1,TTTGGTTT,TGGTGTGG,25352,0.000240,0.000240
1,ACGCGTTA,ACGTTATT,25319,0.000240,0.000240
1,ATTGGTTA,AGGTTTTT,25269,0.000239,0.000239
1,AATCGGCC,TCAATATT,24954,0.000236,0.000236
1,CCGGGTTA,ACGGGGGG,24908,0.000236,0.000236
1,ATGCGGCG,TCAATATT,24655,0.000233,0.000233
1,TTTGGGCG,GGAATATT,24644,0.000233,0.000233
1,CCGCGGCG,TCAATATT,24557,0.000232,0.000232
1,AGGCGTTA,ACGTTATT,24453,0.000231,0.000231
1,AATCGTTA,ACGTTAGT,24273,0.000230,0.000230
1,TTGCGTTA,ACGTGATT,24246,0.000230,0.000230
1,CCTGGTTA,ACGTTATT,24122,0.000228,0.000228
1,TATCGTTA,TCAATATT,23945,0.000227,0.000227
1,TTTCGTTT,AGGTTTTT,23927,0.000226,0.000226
1,GGGGGTTT,AGGTGGGG,23705,0.000224,0.000224
1,TTGGGTTT,TGGTTTTG,23690,0.000224,0.000224
1,GGGCGTTA,ACGTTATT,23671,0.000224,0.000224
1,CAGCGTTA,ACGTTATT,23521,0.000223,0.000223
1,TTGGGGGG,TGGTGTGG,23479,0.000222,0.000222
1,TTGCGGCG,TGAATATT,23386,0.000221,0.000221
1,TTGGGGGG,GGAATTTT,23083,0.000219,0.000219
1,TTTCGTTT,ACGTTTTT,22948,0.000217,0.000217
1,GGGGGGGG,GGGGGGGG,22866,0.000216,0.000216
1,AAGGGTTA,ACGTTATT,22640,0.000214,0.000214
1,TTTGGTTA,TCGTTATT,22599,0.000214,0.000214
1,GGGGGGCG,GGCAGGGG,22325,0.000211,0.000211
1,CCTGGGCG,TCAATATT,22305,0.000211,0.000211
1,AATCGGCG,TCGTTATT,22138,0.000210,0.000210
1,TTTGGTTT,TGGTTATT,22124,0.000209,0.000209
1,TTGGGGCG,GGATTTTT,21977,0.000208,0.000208
1,TTTGGGCG,TCTATATT,21899,0.000207,0.000207
1,ACTCGGCG,TCAATATT,21898,0.000207,0.000207
1,TTTGGGCG,TCTATTTT,21745,0.000206,0.000206
1,AATCGGGC,TCAATATT,21317,0.000202,0.000202
1,TTGGGGTT,TGGTTTTT,21298,0.000202,0.000202
1,TTTCGGCG,GGAATATT,21181,0.000201,0.000201
1,ATTCGGCG,TGAATTTT,21120,0.000200,0.000200
1,CTGCGTTA,ACGTTATT,21108,0.000200,0.000200
1,AATGGGCG,TCAATTTT,21038,0.000199,0.000199
1,TTGGGGCG,GCAATATT,21027,0.000199,0.000199
1,TTGGGGCG,GGTTGTTT,20945,0.000198,0.000198
1,TTGGGGTT,TGGTGTGG,20853,0.000197,0.000197
1,TTTGGTTT,TGGTGTTT,20840,0.000197,0.000197
1,TTGGGGGG,GGGGGTGG,20748,0.000196,0.000196
1,TTTCGGCG,TGTATTTT,20638,0.000195,0.000195
1,TTTGGGGG,TCAATATT,20093,0.000190,0.000190
1,TTTGGGGG,GGGTGTTT,19917,0.000189,0.000189
1,TTGCGGCG,TGAATTTT,19770,0.000187,0.000187
1,AATGGGTT,ACGTTATT,19739,0.000187,0.000187
1,TTTGGGCG,AGGTTTTT,19250,0.000182,0.000182
1,GGGGGGCG,GGTAGGGG,19151,0.000181,0.000181
1,TTGGGGGG,GGTTGTGT,19132,0.000181,0.000181
1,AATCGGTT,ACGTTATT,18999,0.000180,0.000180
1,TTGGGTTT,AGGTTTGG,18907,0.000179,0.000179
1,AATCGTTA,ACGATATT,18809,0.000178,0.000178
1,TTTGGGCG,TGTATATT,18798,0.000178,0.000178
1,TATGGTTA,AGGTTATT,18759,0.000178,0.000178
1,AATCGGCG,TCCATATT,18552,0.000176,0.000176
1,GGGGGTTT,AGGTTATT,18468,0.000175,0.000175
1,AATCGTTA,ACGGTATT,18443,0.000175,0.000175
1,TTGCGTTA,TCAATATT,18331,0.000174,0.000174
1,TTTGGGGG,GGTATTTT,18189,0.000172,0.000172
1,TATGGGCG,TCAATTTT,18110,0.000171,0.000171
1,GGGGGGGG,GGCAGGGG,17898,0.000169,0.000169
1,TTGGGGCG,GGTGTTTT,17834,0.000169,0.000169
1,TTTGGTTA,TGGTGTTT,17635,0.000167,0.000167
1,TTTCGTTT,TGGTTTTT,17621,0.000167,0.000167
1,TTGGGTTT,GGGTTTTT,17609,0.000167,0.000167
1,TATGGGCG,TGAATATT,17599,0.000167,0.000167
1,AATCGTTA,GGGGGGGG,17561,0.000166,0.000166
1,TTGGGGCG,TGTAGTGG,17444,0.000165,0.000165
1,TTTGGTTA,GGGTTTTT,17428,0.000165,0.000165
1,TTGGGTTT,ACGTGTTG,17354,0.000164,0.000164
1,TTGGGGCG,TGGTTTTT,17329,0.000164,0.000164
1,GGGGGGGG,GGTAGGGG,17254,0.000163,0.000163
1,AATCGGCG,ACTTTATT,17132,0.000162,0.000162
1,AATGGTTA,ACGTTTTT,17004,0.000161,0.000161
1,AATCGGCG,GGAATTTT,16943,0.000160,0.000160
1,TTTGGGCG,GCAATATT,16894,0.000160,0.000160
1,GGGGGGTT,GGGGGGGG,16802,0.000159,0.000159
1,TATGGGCG,TGAATTTT,16796,0.000159,0.000159
1,TTGGGTTT,ACGTGTTT,16789,0.000159,0.000159
1,TTGGGTTT,TCAATATT,16733,0.000158,0.000158
1,AATCGTTA,ACTATATT,16659,0.000158,0.000158
1,TTTCGGCG,TCTATATT,16517,0.000156,0.000156
1,AATCGTAA,TCAATATT,16278,0.000154,0.000154
1,TTGGGGGG,GGATTTTT,15978,0.000151,0.000151
1,TTTGGGTT,TGGTTTTT,15917,0.000151,0.000151
1,CCGGGTTA,ACGTGGGG,15905,0.000151,0.000151
1,TTGGGTTT,GGTTTTTT,15903,0.000151,0.000151
1,TTGGGGGG,GGGTTTTT,15691,0.000149,0.000149
1,TATCGTTA,AGGTTTTT,15628,0.000148,0.000148
1,TATCGGCG,GCAATTTT,15418,0.000146,0.000146
1,AATGGGGC,TCAATATT,15268,0.000145,0.000145
1,TTGGGTTT,TGGTTATT,15213,0.000144,0.000144
1,GAGCGTTA,ACGTTATT,15117,0.000143,0.000143
1,TTGGGTTT,GGTGGTGG,15081,0.000143,0.000143
1,GGGGGTTA,AGGGGGGG,14944,0.000141,0.000141
1,TTTGGTTA,TGAATTTT,14882,0.000141,0.000141
1,AGTGGTTA,ACGTTATT,14779,0.000140,0.000140
1,TTGGGTTT,AGGTTTTG,14705,0.000139,0.000139
1,TTGGGTTT,TGGGTTTT,14604,0.000138,0.000138
1,AATCGGCG,TCAATTTG,14595,0.000138,0.000138
1,GGGGGTTA,TGGGGGGG,14577,0.000138,0.000138
1,AATCGGAG,TCAATATT,14570,0.000138,0.000138
1,TTGGGTTA,ACGTGTTT,14561,0.000138,0.000138
1,TTTGGGCG,GGGATTTT,14504,0.000137,0.000137
1,TTGGGTTT,GGGGGGGG,14487,0.000137,0.000137
1,AAGCGTTA,TCAATATT,14407,0.000136,0.000136
1,TTGGGTTT,ACGTGATT,14336,0.000136,0.000136
1,TTGGGTTA,ACGTGAGG,14267,0.000135,0.000135
1,TATGGTTA,ACGTTTTT,14226,0.000135,0.000135
1,TTTCGTTT,AGGTTATT,14144,0.000134,0.000134
1,AATCGTCT,TCAATATT,14047,0.000133,0.000133
1,AATCGGCG,TCATTTTG,14002,0.000133,0.000133
1,TTGCGGCG,GGTAGTGG,13974,0.000132,0.000132
1,TTGGGGCG,GGAATATT,13729,0.000130,0.000130
1,TTTGGTTT,TCGTTATT,13688,0.000130,0.000130
1,TTTCGGCG,GGTATTTT,13677,0.000129,0.000129
1,GGTGGTTA,ACGTTATT,13467,0.000127,0.000127
1,TTTGGTTT,TGAATTTT,13429,0.000127,0.000127
1,CCGGGGGG,GGCGGGGG,13322,0.000126,0.000126
1,TTGCGGCG,TGTATTTT,13271,0.000126,0.000126
1,TTTGGGCG,GGGGGGGG,13196,0.000125,0.000125
1,TTGGGTTA,TGGTTTGT,13192,0.000125,0.000125
1,TTGGGGCG,GCTAGTGG,13115,0.000124,0.000124
1,TTGGGGGG,TGTGGTGG,13010,0.000123,0.000123
1,TTGGGTTA,ACGTTATG,13004,0.000123,0.000123
1,TTGGGGGG,TGAATTTT,12985,0.000123,0.000123
1,AATCGGCG,TGTATATT,12951,0.000123,0.000123
1,AATCGTTA,TCGTTATT,12933,0.000122,0.000122
1,TTGCGTTA,ACGTTATG,12826,0.000121,0.000121
1,AATGGGCG,TGAATTTT,12636,0.000120,0.000120
1,TTGGGTTT,TCGTTATT,12606,0.000119,0.000119
1,TTGGGTTA,AGGTGTTG,12581,0.000119,0.000119
1,TTGGGTTA,TGGTTATT,12484,0.000118,0.000118
1,CCGGGTTA,ACGTGATT,12482,0.000118,0.000118
1,TTGGGGCG,GGAAGTGG,12468,0.000118,0.000118
1,TTGGGGGG,TGTTGTGG,12390,0.000117,0.000117
1,TTTGGGCG,GGGTGTTT,12383,0.000117,0.000117
1,TTTCGTTA,ACGTGATT,12344,0.000117,0.000117
1,TTGGGTTT,ACGTGTGT,12210,0.000116,0.000116
1,AATCGTCG,ACGTTATT,12182,0.000115,0.000115
1,TTTGGTTT,GGGTTTTT,12164,0.000115,0.000115
1,TTGGGGGG,GGGGGGGG,12142,0.000115,0.000115
1,TTGGGGCG,GGTAGTGT,12140,0.000115,0.000115
1,TTGGGTTA,GGTTTTTT,12117,0.000115,0.000115
1,TTGGGGCG,AGGTTTTT,12081,0.000114,0.000114
1,TTGCGTTA,ACGTGAGG,12067,0.000114,0.000114
1,AATCGGCG,ACCTTATT,12005,0.000114,0.000114
1,TTGCGGCG,GCTATTTT,11964,0.000113,0.000113
1,TATCGGCG,GGAATTTT,11957,0.000113,0.000113
1,AAGCGTTA,ACGTTATG,11946,0.000113,0.000113
1,TTTGGTTT,TCAATATT,11933,0.000113,0.000113
1,TTTGGTTA,TGGGTTTT,11886,0.000113,0.000113
1,TTGGGGCG,GGGGGGGG,11879,0.000112,0.000112
1,ATTCGTTT,ACGTTATT,11855,0.000112,0.000112
1,GGGGGTTT,ACGTGATT,11826,0.000112,0.000112
1,TTTCGTTA,TCGTTTTT,11823,0.000112,0.000112
1,AATCGGCG,TCAATAAT,11822,0.000112,0.000112
1,TTGGGTTT,GGTTGTGG,11704,0.000111,0.000111
1,TTGGGGCG,GGTTTTGT,11693,0.000111,0.000111
1,AATCGTTT,TCAATATT,11638,0.000110,0.000110
1,TTGGGTTA,AGGTTTGT,11614,0.000110,0.000110
1,TTGGGTTA,ACGTGATG,11614,0.000110,0.000110
1,TTGGGTTA,TGGGTTTT,11598,0.000110,0.000110
1,TTTGGTTA,ACGTGATT,11474,0.000109,0.000109
1,AAGCGGCG,TCAATTTT,11434,0.000108,0.000108
1,ATTCGGCG,GCAATATT,11425,0.000108,0.000108
1,TTTGGGGG,TCAATTTT,11375,0.000108,0.000108
1,TAGCGGCG,GCAATATT,11295,0.000107,0.000107
1,CCGGGTTA,TGGTGGGG,11295,0.000107,0.000107
1,TTGCGTTA,ACGTGTGG,11238,0.000106,0.000106
1,TTTGGTTA,AGGTGTTT,11236,0.000106,0.000106
1,GGGGGTTT,TGGGGGTG,11197,0.000106,0.000106
1,TAGGGTTA,ACGTTATT,11090,0.000105,0.000105
1,TTGGGTTT,AGGGGTGG,11071,0.000105,0.000105
1,ATTGGGCG,TGAATTTT,11070,0.000105,0.000105
1,TTTGGGGG,TGAATATT,11039,0.000104,0.000104
1,ATTGGGCG,TCAATTTT,11025,0.000104,0.000104
1,TTGCGGCG,ACGTTATT,10962,0.000104,0.000104
1,TTGGGGGG,GGTGGTTT,10897,0.000103,0.000103
1,AATCGGCG,ACGTTTTT,10760,0.000102,0.000102
1,AGTCGGCG,TCAATATT,10759,0.000102,0.000102
1,TTTCGGCG,TCTATTTT,10752,0.000102,0.000102
1,GGGGGTTT,ACGGGAGG,10725,0.000102,0.000102
1,GATGGTTA,ACGTTATT,10682,0.000101,0.000101
1,TTGCGTTA,ACGTGATG,10631,0.000101,0.000101
1,GGGGGTTA,ACGGGGGG,10607,0.000100,0.000100
1,TTGGGTTT,AGGTTTGT,10575,0.000100,0.000100
1,TTTCGGCG,GGATTTTT,10538,0.000100,0.000100
1,GGTCGTTA,ACGTTATT,10535,0.000100,0.000100
1,TTGCGTTT,ACGTTTTT,10518,0.000100,0.000100
1,AATCGGCG,TCAAAATT,10495,0.000099,0.000099
1,TTGGGGGG,GGTGGTGT,10470,0.000099,0.000099
1,AATCGTAT,TCAATATT,10456,0.000099,0.000099
1,CTTCGTTA,ACGTTATT,10448,0.000099,0.000099
1,TTGGGGCG,GGTAGTTT,10437,0.000099,0.000099
1,TTGGGTTA,ACGTGTTG,10435,0.000099,0.000099
1,GGGGGTTT,AGGGGAGG,10428,0.000099,0.000099
1,TTTGGGGG,GGGTTTGT,10412,0.000099,0.000099
1,TTGGGTTA,GGTATTTT,10410,0.000099,0.000099
1,CCGGGGCG,GCCCGGGG,10397,0.000098,0.000098
1,TTTGGTTT,TGGGTTTT,10391,0.000098,0.000098
1,TTGGGGGG,TCTATTTT,10387,0.000098,0.000098
1,TATGGTTA,AGGTTTTT,10385,0.000098,0.000098
1,TTGCGGCG,GGAATATT,10328,0.000098,0.000098
1,GGGGGTTA,ACGTGATT,10290,0.000097,0.000097
1,TTGGGTTA,TCGTTATT,10288,0.000097,0.000097
1,AATGGTTA,TCAATATT,10276,0.000097,0.000097
1,TTGGGGGG,AGGTTTTT,10257,0.000097,0.000097
1,TTGGGTTA,AGGTTTTG,10254,0.000097,0.000097
1,GGGGGGGT,TGGGGGGG,10234,0.000097,0.000097
1,TTTGGTTA,TCAATTTT,10143,0.000096,0.000096
1,TTGGGGCG,GGTATTGG,10140,0.000096,0.000096
1,GGGGGGGG,TGGTTTTT,10113,0.000096,0.000096
1,AAGCGGCG,TCAAGATT,10020,0.000095,0.000095
1,TTGGGTTT,ACGTGAGG,10004,0.000095,0.000095
1,TTTCGTTA,TCGTTATT,9991,0.000095,0.000095
1,AATCGGCG,GCAAGATT,9982,0.000094,0.000094
1,GGGGGTTT,TGGTTATT,9951,0.000094,0.000094
1,GGGGGTTT,GGCGGGGG,9938,0.000094,0.000094
1,AATCGGCT,ACGTTATT,9930,0.000094,0.000094
1,TTGCGGCG,GGTTTTTT,9893,0.000094,0.000094
1,TTTGGGCG,ACGTTTTT,9851,0.000093,0.000093
1,ATTGGGCG,TGAATATT,9767,0.000092,0.000092
1,AATCGGCG,TGTATTTT,9762,0.000092,0.000092
1,TTGGGGGG,TGTATATT,9728,0.000092,0.000092
1,AGGGGTTA,ACGTTATT,9719,0.000092,0.000092
1,AATGGGCG,ACGTTATT,9703,0.000092,0.000092
1,ATGCGTTA,ACGTTTTT,9662,0.000091,0.000091
1,TTTGGTTT,TGGTTTGT,9656,0.000091,0.000091
1,GGGGGTTT,GGTGGGGG,9642,0.000091,0.000091
1,TTGGGGCG,GGTCTTTT,9631,0.000091,0.000091
1,AATCGGCG,TCTATTTT,9619,0.000091,0.000091
1,TTTGGTTA,TGGTGTGG,9616,0.000091,0.000091
1,ATTGGTTT,ACGTTATT,9615,0.000091,0.000091
1,TTGGGTTA,AGGTGTGT,9606,0.000091,0.000091
1,TTGGGTTA,GGGTGTTT,9603,0.000091,0.000091
1,TTGGGGCG,GGGTTTTT,9582,0.000091,0.000091
1,AAGCGGCG,TCAATAGT,9575,0.000091,0.000091
1,AATCGTTA,TGGTTTTT,9519,0.000090,0.000090
1,AATGGTTA,AGGTTTTT,9465,0.000090,0.000090
1,TTGCGTTT,AGGTTTTT,9425,0.000089,0.000089
1,TTGGGTTT,ACGTTTTG,9410,0.000089,0.000089
1,AATCGGCG,AGGTTATT,9335,0.000088,0.000088
1,GATGGGTT,ACGTTATT,9315,0.000088,0.000088
1,AATCGTAA,ACAATATT,9290,0.000088,0.000088
1,TTGGGTTT,CGGTGTGG,9275,0.000088,0.000088
1,GGGCGGCG,TCAATATT,9195,0.000087,0.000087
1,TTGGGTTT,AGGTGAGG,9154,0.000087,0.000087
1,TTGGGGCG,GGTATATT,9114,0.000086,0.000086
1,AATCGGCG,GGGTTTTT,9097,0.000086,0.000086
1,TTGGGGCG,TGGTGTGG,9094,0.000086,0.000086
1,ATTCGGCG,ACGTTATT,9065,0.000086,0.000086
1,TCGCGTTA,ACGTTATT,9043,0.000086,0.000086
1,AAGCGGCG,ACGTTATT,9028,0.000085,0.000085
1,TTGGGTTA,ACGTGAGT,9022,0.000085,0.000085
1,TAGCGGCG,TCAATTTT,8997,0.000085,0.000085
1,TTTGGGGG,GGGGTTTT,8978,0.000085,0.000085
1,TTGGGTTA,GGGGGGGG,8921,0.000084,0.000084
1,ATTCGTTA,ACGTGATT,8901,0.000084,0.000084
1,TTGGGTTT,ACGTTTGG,8893,0.000084,0.000084
1,CCGGGTTA,AGGTTATT,8877,0.000084,0.000084
1,TTTGGTTA,GGGGGGGG,8876,0.000084,0.000084
1,TTGGGTTA,ACGTTAGT,8733,0.000083,0.000083
1,AAGCGTTA,ACGGTATT,8721,0.000083,0.000083
1,GGTGGTTT,TGGGGGGG,8720,0.000083,0.000083
1,TTTGGTTA,GGAATTTT,8696,0.000082,0.000082
1,TTGGGGCG,GGGGGTGG,8693,0.000082,0.000082
1,TTGGGTTA,TGGTGTGT,8689,0.000082,0.000082
1,TTGCGGCG,TCTATTTT,8684,0.000082,0.000082
1,TTGGGGTT,TGGGGTGG,8677,0.000082,0.000082
1,TTTGGTTT,TGGTTTTG,8669,0.000082,0.000082
1,ACGCGGCG,TCAATATT,8664,0.000082,0.000082
1,CCGGGTTA,ACGTGAGG,8661,0.000082,0.000082
1,TTGCGTTA,ACGTTAGT,8659,0.000082,0.000082
1,TTTCGGCG,TGTATATT,8617,0.000082,0.000082
1,AAGCGTTA,ACGTTAGT,8598,0.000081,0.000081
1,AAGCGGCG,TGAATATT,8583,0.000081,0.000081
1,GGGGGTTT,ACGTGGGG,8570,0.000081,0.000081
1,AATCGGCG,GCAATAGT,8554,0.000081,0.000081
1,TTTGGGGG,AGGTTTTT,8541,0.000081,0.000081
1,GGGGGTTT,TCGTTATT,8531,0.000081,0.000081
1,TTGCGGCG,TCTATATT,8526,0.000081,0.000081
1,TTTCGGGG,TCAATATT,8525,0.000081,0.000081
1,AATCGTTA,ACGTGATG,8465,0.000080,0.000080
1,TTGGGGCG,TGTTGTGG,8366,0.000079,0.000079
1,TTGGGGCG,GGTAGTTG,8329,0.000079,0.000079
1,GGGGGTTA,ACGGGAGG,8308,0.000079,0.000079
1,TATCGGCG,GGAATATT,8301,0.000079,0.000079
1,TATCGGCG,TCTATATT,8264,0.000078,0.000078
1,TTTGGTTA,AGGTGTGG,8229,0.000078,0.000078
1,GGGGGTTT,TGGTGGTG,8096,0.000077,0.000077
1,TTGGGTTA,TGGTGTTG,8034,0.000076,0.000076
1,TTGGGTTA,TGGTTTTG,8006,0.000076,0.000076
1,TTTGGTTA,TGGTTTGT,7961,0.000075,0.000075
1,TTGGGGCG,TGTGGTGG,7930,0.000075,0.000075
1,TTTCGGCG,GGGGGGGG,7914,0.000075,0.000075
1,TTTGGTTT,AGGTGTGG,7909,0.000075,0.000075
1,TTGGGGGG,TGTAGTGG,7909,0.000075,0.000075
1,TTGGGGCG,GGTATTGT,7907,0.000075,0.000075
1,AAGGGGCG,TCAATATT,7902,0.000075,0.000075
1,TTTGGTTA,TGGTTTTG,7899,0.000075,0.000075
1,GGGGGTTT,TGGGGAGG,7876,0.000075,0.000075
1,TTGCGTTA,ACGTGAGT,7875,0.000075,0.000075
1,GGGGGGCG,TGAATATT,7866,0.000074,0.000074
1,TTTGGGTT,ACGTTATT,7864,0.000074,0.000074
1,TTGGGGGG,TCTATATT,7816,0.000074,0.000074
1,TTGGGGGG,GGTTTTTG,7762,0.000073,0.000073
1,GGGCGGCG,GGCCGGGG,7750,0.000073,0.000073
1,TTTGGGCG,GGTAGTGG,7714,0.000073,0.000073
1,TTGCGTTA,AGGTGTGG,7701,0.000073,0.000073
1,TTTCGTTA,TGGTTATT,7654,0.000072,0.000072
1,AATCGGCG,TCAAGAGT,7654,0.000072,0.000072
1,TTGGGTTA,ACGTTTTG,7638,0.000072,0.000072
1,TTGGGTTA,GGGGGTGG,7625,0.000072,0.000072
1,CCGCGTTA,ACGTGATT,7586,0.000072,0.000072
1,TTGGGTTT,TGTTTTTT,7564,0.000072,0.000072
1,TTGGGGGG,TGAATATT,7533,0.000071,0.000071
1,GGGGGTTT,AGGTGATT,7479,0.000071,0.000071
1,TTGGGTTA,ACGTGTGT,7439,0.000070,0.000070
1,TTTGGTTT,TGGTGTTG,7422,0.000070,0.000070
1,TTGGGGGG,GGTGTTGT,7360,0.000070,0.000070
1,ATTCGGCG,GCAATTTT,7351,0.000070,0.000070
1,AATGGTTT,ACGTTATT,7324,0.000069,0.000069
1,TTTCGTTA,ACTTTATT,7283,0.000069,0.000069
1,TTTGGGCG,GGTTGTGG,7260,0.000069,0.000069
1,GGTCGGCG,TCAATATT,7257,0.000069,0.000069
1,CCGCGGCG,GGCCGGGG,7199,0.000068,0.000068
1,TATCGTTT,ACGTTATT,7176,0.000068,0.000068
1,AATCGTCT,ACGTTATT,7160,0.000068,0.000068
1,TTGGGGGG,GCTATTTT,7154,0.000068,0.000068
1,TTTGGGCG,GGGTTTGT,7075,0.000067,0.000067
1,AATCGTTA,ACGTGAGT,7073,0.000067,0.000067
1,AATCGGGA,TCAATATT,7060,0.000067,0.000067
1,TTGGGGGG,GGGGGTGT,7008,0.000066,0.000066
1,TTGGGTTA,AGGTGATT,6990,0.000066,0.000066
1,TTGGGTTA,AGGGTTTT,6989,0.000066,0.000066
1,TTTGGTTA,TGAATATT,6988,0.000066,0.000066
1,AATCGGCG,TCAAAAAA,6951,0.000066,0.000066
1,GGGCGTTA,ACGTGATT,6949,0.000066,0.000066
1,TTGGGTTA,AGGTGAGG,6933,0.000066,0.000066
1,TTGGGTTT,TGTATTTT,6929,0.000066,0.000066
1,AATCGGCG,ACTATATT,6922,0.000066,0.000066
1,TTTCGGCG,TGATTTTT,6914,0.000065,0.000065
1,TTGGGGTT,AGGTTTTT,6867,0.000065,0.000065
1,AATGGTTA,ACGTGATT,6867,0.000065,0.000065
1,AATCGGCG,TCAATGTT,6852,0.000065,0.000065
1,TTGGGGCG,ACGTTTTT,6848,0.000065,0.000065
1,TTTCGGCG,ACGTTTTT,6825,0.000065,0.000065
1,TTTGGTTA,AGGTTTTG,6817,0.000065,0.000065
1,TTGGGTTT,AGGTGATT,6798,0.000064,0.000064
1,GATGGGGC,TCAATATT,6797,0.000064,0.000064
1,AATCGGCG,TCAAAAAT,6794,0.000064,0.000064
1,TTGGGGGG,TGGGGTGG,6790,0.000064,0.000064
1,TTTGGGCG,GCTATTTT,6787,0.000064,0.000064
1,TTGGGGCG,GGTTGTGT,6769,0.000064,0.000064
1,TTGGGGCG,GGTCGTGG,6755,0.000064,0.000064
1,NNNNNNNN,NNNNNNNN,6736,0.000064,0.000064
1,TTTCGGCG,GGTTTTTT,6727,0.000064,0.000064
1,ATGGGGGA,TCAATATT,6722,0.000064,0.000064
1,TTGGGTTT,ACGTGATG,6716,0.000064,0.000064
1,TTTGGTTT,GGAATTTT,6703,0.000063,0.000063
1,TTTCGTTA,ACGTTATG,6681,0.000063,0.000063
1,TTGGGGGG,GGTTGTTG,6670,0.000063,0.000063
1,ATTGGTTA,TCAATATT,6636,0.000063,0.000063
1,CCGGGTTA,ACGTGATG,6625,0.000063,0.000063
1,GAGCGGCG,TCAATATT,6617,0.000063,0.000063
1,AATCGTTA,ACATTATT,6599,0.000062,0.000062
1,TTTGGGGG,GGTTGTGG,6500,0.000062,0.000062
1,ATTGGTTA,TGGTTTTT,6454,0.000061,0.000061
1,AAGCGTTA,ACGTTTTT,6442,0.000061,0.000061
1,GGGCGTTA,ACGGGAGG,6436,0.000061,0.000061
1,TTGGGTTT,ACGTTATG,6419,0.000061,0.000061
1,TTGGGGCG,GGAGTTTT,6399,0.000061,0.000061
1,CCGGGGTA,GGGGGGGG,6359,0.000060,0.000060
1,TTGGGTTA,AGGTTTGG,6351,0.000060,0.000060
1,ATTCGGCG,GGAATTTT,6342,0.000060,0.000060
1,TTGGGGTT,ACGTTATT,6323,0.000060,0.000060
1,TTTGGGGG,GGGATTTT,6281,0.000059,0.000059
1,TTGGGTTT,ACGTTTGT,6267,0.000059,0.000059
1,AATCGGCG,TCAATTGT,6254,0.000059,0.000059
1,CCGGGGTA,AGGGGGGG,6176,0.000058,0.000058
1,CCGGGGGG,GGGGGGGG,6129,0.000058,0.000058
1,TTGGGGGG,ACGTTATT,6104,0.000058,0.000058
1,TTTGGTTT,AGGTGTTT,6089,0.000058,0.000058
1,TTGGGGGG,TCAATTTT,6079,0.000058,0.000058
1,AATCGGCG,TCGATATT,6067,0.000057,0.000057
1,TTTGGTTT,TGGTGTGT,6055,0.000057,0.000057
1,TTTCGTTA,TCAATTTT,6054,0.000057,0.000057
1,TTTGGGCG,GGGGTTTT,6032,0.000057,0.000057
1,TTTGGTTA,ACGTGTTT,6030,0.000057,0.000057
1,GGGGGTTT,ACGTGAGG,6009,0.000057,0.000057
1,GGGGGTTT,AGGTGAGG,6002,0.000057,0.000057
1,TTGGGGCG,GCTATATT,5999,0.000057,0.000057
1,ATGCGTTA,ACGTGATT,5997,0.000057,0.000057
1,GGGGGTTA,AGGTTATT,5975,0.000057,0.000057
1,AATCGTAT,ACGTTATT,5974,0.000057,0.000057
1,AATCGGCG,GGTTTTTT,5968,0.000056,0.000056
1,TTTGGGGG,GGGTGTGT,5919,0.000056,0.000056
1,TTGGGTTA,TGGGGTGG,5912,0.000056,0.000056
1,TCTCGTTA,ACGTTATT,5907,0.000056,0.000056
1,AGGCGTTA,ACGTGATT,5902,0.000056,0.000056
1,CCGGGTTA,AGGTGAGG,5882,0.000056,0.000056
1,AATCGTTA,ACCATATT,5862,0.000055,0.000055
1,ATGCGTTA,AGGTTATT,5858,0.000055,0.000055
1,TTTGGTTT,TGATTTTT,5857,0.000055,0.000055
1,TTGCGTTA,TGGTTTTT,5828,0.000055,0.000055
1,AAGCGTTA,ACGTGATG,5825,0.000055,0.000055
1,CAGCGGCG,TCAATATT,5821,0.000055,0.000055
1,GGTGGTTT,ACGTTATT,5820,0.000055,0.000055
1,TTTGGTTA,ACGTTATG,5810,0.000055,0.000055
1,TAGGGGCG,TCAATATT,5810,0.000055,0.000055
1,AATGGGCG,GCAATATT,5801,0.000055,0.000055
1,TTGGGGCG,GCTTTTTT,5793,0.000055,0.000055
1,GGGGGGTT,CGGGGGGG,5779,0.000055,0.000055
1,TTTGGGTT,AGGTTTTT,5769,0.000055,0.000055
1,TATCGTTA,ACGTGATT,5764,0.000055,0.000055
1,GGGGGGGG,AGGTTTTT,5760,0.000055,0.000055
1,TTGGGTTA,ACGTTTGT,5754,0.000054,0.000054
1,TTGGGTTT,TCGTGTTG,5752,0.000054,0.000054
1,GGGGGTTT,TGGGTGGG,5746,0.000054,0.000054
1,GGGGGTTT,GGCCGGGG,5704,0.000054,0.000054
1,TTGGGGGG,GGGTGTGG,5700,0.000054,0.000054
1,GAGGGTTA,ACGTTATT,5687,0.000054,0.000054
1,GGTGGGCG,TCAATATT,5680,0.000054,0.000054
1,TTGGGTTT,GGGTGTTT,5663,0.000054,0.000054
1,CTGGGTTA,ACGTTATT,5663,0.000054,0.000054
1,AATCGGCG,TGAAGATT,5646,0.000053,0.000053
1,TTTCGGGG,TGAATTTT,5637,0.000053,0.000053
1,TTTGGTTG,TGGTTTTT,5627,0.000053,0.000053
1,GGGGGGGG,TGTATATT,5602,0.000053,0.000053
1,AATCGGTG,TCAATATT,5582,0.000053,0.000053
1,TTTGGTTA,AGGTGATT,5561,0.000053,0.000053
1,CCGGGTTA,AGGTGGTG,5560,0.000053,0.000053
1,TTTGGTTA,AGGTTTGT,5554,0.000053,0.000053
1,GGGCGTTT,TGGGGGGG,5550,0.000053,0.000053
1,AATCGGCG,GGCATTTT,5540,0.000052,0.000052
1,AATCGTTA,TCAATTTT,5539,0.000052,0.000052
1,TTGGGTTT,CGGGGTGG,5534,0.000052,0.000052
1,GGGGGTTT,TCAATATT,5532,0.000052,0.000052
1,AAGCGGCG,GCAAGATT,5531,0.000052,0.000052
1,AATCGTCA,TCAATATT,5507,0.000052,0.000052
1,AAGCGGCG,TCAATATG,5501,0.000052,0.000052
1,GGGGGTTT,TGGGGGGT,5478,0.000052,0.000052
1,GGGCGGCG,GGCAGGGG,5462,0.000052,0.000052
1,ATGCGGCG,GCAATATT,5431,0.000051,0.000051
1,TTGCGTTT,AGGTTATT,5430,0.000051,0.000051
1,TTGCGTTT,AGGTGTGG,5430,0.000051,0.000051
1,TTGCGTTA,ACGTGTTT,5420,0.000051,0.000051
1,CCGCGGCG,GCCCGGGG,5409,0.000051,0.000051
1,TTTGGTTT,GGATTTTT,5399,0.000051,0.000051
1,GGGGGGGG,TGCATATT,5396,0.000051,0.000051
1,AATCGGCG,GCAATATG,5394,0.000051,0.000051
1,TTGGGTTT,GGTATTTT,5382,0.000051,0.000051
1,TTGGGGCG,GGAATTGT,5368,0.000051,0.000051
1,GGGCGTTT,ACGTTATT,5362,0.000051,0.000051
1,TTGGGTTT,ACGTGAGT,5350,0.000051,0.000051
1,TTGGGGCG,TGTAGTGT,5344,0.000051,0.000051
1,AAGCGTTA,AGGTTATT,5334,0.000050,0.000050
1,TTGGGTTA,ACGTTTGG,5328,0.000050,0.000050
1,TTGGGTTT,TGGGGTTT,5304,0.000050,0.000050
1,TTGCGGCG,GGTTGTGG,5290,0.000050,0.000050
1,AATCGGCG,TCCATTTT,5284,0.000050,0.000050
1,TTTGGGCG,GGTGGTGG,5276,0.000050,0.000050
1,ACTGGTTA,ACGTTATT,5269,0.000050,0.000050
1,GGGGGTTT,TGGTGGGT,5262,0.000050,0.000050
1,GGGGGTTT,AGGGGGTG,5230,0.000050,0.000050
1,TTGCGTTT,TGGTTTTT,5213,0.000049,0.000049
1,TTGCGGCG,GGAAGTGG,5201,0.000049,0.000049
1,TATCGGCG,TGTATTTT,5196,0.000049,0.000049
1,CCGGGTTA,TCAATATT,5190,0.000049,0.000049
1,TAGCGTTA,ACGTTTTT,5165,0.000049,0.000049
1,GGGGGTTA,ACGTGAGG,5148,0.000049,0.000049
1,TTGGGGCG,GGAAGTTT,5137,0.000049,0.000049
1,TTTGGGGG,GGGGGGGG,5135,0.000049,0.000049
1,TTGGGTTA,TCAATTTT,5133,0.000049,0.000049
1,TTGGGTTA,TGTATTTT,5120,0.000048,0.000048
1,TTGGGTTA,ACGTTAGG,5105,0.000048,0.000048
1,GGGGGTTT,TCGTGGGG,5090,0.000048,0.000048
1,TTTGGTTT,GGGGGGGG,5084,0.000048,0.000048
1,AATCGTTA,AGGTGATT,5075,0.000048,0.000048
1,AATCGTTA,TGGTTATT,5059,0.000048,0.000048
1,AATCGGCG,TGAATAGT,5041,0.000048,0.000048
1,TTGCGGCG,GGTGGTGG,5024,0.000048,0.000048
1,TTGGGGCG,GGTGGTGT,5023,0.000048,0.000048
1,TTTGGGCG,GGATGTTT,5019,0.000048,0.000048
1,AATCGGCG,TCATTATT,5013,0.000047,0.000047
1,TTGGGGGG,GGGGTTTT,5008,0.000047,0.000047
1,TTTCGTTA,ACGTTAGT,4986,0.000047,0.000047
1,CCGGGTTA,GGCCGGGG,4966,0.000047,0.000047
1,TTGGGGCG,GCAAGTGG,4965,0.000047,0.000047
1,ATTCGTTA,TGGTTTTT,4959,0.000047,0.000047
1,GATGGGCG,TCAATATT,4950,0.000047,0.000047
1,AAGCGGCG,GCAATAGT,4948,0.000047,0.000047
1,AATCGGCG,TCAATAGG,4947,0.000047,0.000047
1,GGGGGGCG,TGGGGGGG,4941,0.000047,0.000047
1,TTTCGGCG,AGGTTTTT,4940,0.000047,0.000047
1,TTGGGTTA,CGGTTTTT,4934,0.000047,0.000047
1,TTGCGTTA,ACGTTAGG,4932,0.000047,0.000047
1,GGGGGGCG,GCCCGGGG,4921,0.000047,0.000047
1,AATCGTTA,TCGTTTTT,4921,0.000047,0.000047
1,TTGGGGGG,GGTTTTGG,4908,0.000046,0.000046
1,AAGCGTTA,ACGTGAGT,4896,0.000046,0.000046
1,TTTGGGCG,AGGTTATT,4894,0.000046,0.000046
1,TTTGGTTA,GGATTTTT,4888,0.000046,0.000046
1,AATCGTTG,ACGTTATT,4886,0.000046,0.000046
1,TTTGGTTA,AGGGTTTT,4879,0.000046,0.000046
1,AATCGGGG,ACGTTATT,4873,0.000046,0.000046
1,TTTCGTTT,TCGTTTTT,4869,0.000046,0.000046
1,TTTGGTTA,ACTTTATT,4864,0.000046,0.000046
1,ATTCGTTA,ACGTTATG,4842,0.000046,0.000046
1,TTTCGTTT,TCAATATT,4816,0.000046,0.000046
1,TTTGGGGG,GGGGGTGG,4797,0.000045,0.000045
1,TTTGGTTA,AGGTGTTG,4785,0.000045,0.000045
1,TTGCGGCG,GCTAGTGG,4780,0.000045,0.000045
1,TTTGGGGG,GGTTGTTT,4769,0.000045,0.000045
1,CCGGGTTA,ACGTTATG,4764,0.000045,0.000045
1,TTTGGGCG,GGACTTTT,4760,0.000045,0.000045
1,TTGCGTTA,ACGTGTTG,4750,0.000045,0.000045
1,TTGGGGCG,TGTATTGG,4747,0.000045,0.000045
1,AATCGGCG,TCACTATT,4739,0.000045,0.000045
1,CCGGGGCG,TGAATATT,4737,0.000045,0.000045
1,TTGGGGGG,GGAGTTTT,4727,0.000045,0.000045
1,GGGGGTTT,TGGTTGGG,4724,0.000045,0.000045
1,TTGGGTTA,TGGGGTTT,4679,0.000044,0.000044
1,TTGGGGCG,GGTGGTTT,4670,0.000044,0.000044
1,AATCGGCT,ACAATATT,4658,0.000044,0.000044
1,AATCGTTA,TGAATATT,4655,0.000044,0.000044
1,AATCGGCG,TCAGTATT,4652,0.000044,0.000044
1,GGGGGTTT,ACGTGATG,4615,0.000044,0.000044
1,TAGCGGCG,TGAATATT,4609,0.000044,0.000044
1,TTGGGTTA,GGGTGTGG,4599,0.000044,0.000044
1,TTTGGGGG,GGTGGTGG,4585,0.000043,0.000043
1,ATGCGGCG,TCAATTTT,4572,0.000043,0.000043
1,TTTGGGCG,TCATTTTT,4569,0.000043,0.000043
1,TTGGGGTA,TGGTTTTT,4565,0.000043,0.000043
1,TTTCGGCG,TGTTTTTT,4553,0.000043,0.000043
1,AATCGGCG,GGTATTTT,4509,0.000043,0.000043
1,TTTGGTTA,GGTTTTTT,4503,0.000043,0.000043
1,AATCGGCG,CCAATATT,4503,0.000043,0.000043
1,CCGGGTTA,AGGTGATT,4499,0.000043,0.000043
1,AATCGGCG,TGCATTTT,4491,0.000043,0.000043
1,TTGGGTTT,ACGTTAGT,4490,0.000043,0.000043
1,TAGCGGCG,GCAATTTT,4487,0.000042,0.000042
1,TTGGGTTT,GGTAGTGG,4482,0.000042,0.000042
1,GGGGGTTA,AGGTGGGG,4480,0.000042,0.000042
1,TTGCGGCG,GCAAGTGG,4478,0.000042,0.000042
1,GGGGGTTT,AGGTGGTG,4476,0.000042,0.000042
1,AATCGTCA,ACGTTATT,4473,0.000042,0.000042
1,TTGGGGCG,TGTAGTTT,4459,0.000042,0.000042
1,AATCGGCG,GGGGGTGG,4448,0.000042,0.000042
1,GGGGGTTT,CCGGGGGG,4430,0.000042,0.000042
1,TTTGGTTA,TGTTTTTT,4429,0.000042,0.000042
1,TTTCGGCG,GCTATTTT,4428,0.000042,0.000042
1,TTGGGGCG,TGTATTGT,4427,0.000042,0.000042
1,CCTGGTTA,AGGTTATT,4423,0.000042,0.000042
1,GGTGGTTA,AGGTTATT,4406,0.000042,0.000042
1,TTGGGTTT,AGGTGATG,4404,0.000042,0.000042
1,TTGCGGCG,TGTATATT,4400,0.000042,0.000042
1,AGTGGTTA,AGGTTATT,4372,0.000041,0.000041
1,TATCGGCG,TCTATTTT,4368,0.000041,0.000041
1,GGTGGTTT,TGGTGGGG,4363,0.000041,0.000041
1,AATCGTTA,ACCGTTTT,4363,0.000041,0.000041
1,AATCGTTA,ACGTTTTG,4347,0.000041,0.000041
1,TATCGGCG,TCAAGATT,4336,0.000041,0.000041
1,TTTGGGGG,TCTATTTT,4331,0.000041,0.000041
1,TTTGGTTA,TGGTGTTG,4324,0.000041,0.000041
1,TTTGGGCG,GGAAGTTT,4317,0.000041,0.000041
1,AATCGTTA,ACGTTAGG,4316,0.000041,0.000041
1,TTGGGTTT,TCGTGTTT,4308,0.000041,0.000041
1,GGGGGTTA,ACGTGATG,4288,0.000041,0.000041
1,TTGGGGCG,GGTATTTG,4270,0.000040,0.000040
1,TTGGGGGG,GGTAGTGT,4248,0.000040,0.000040
1,TTGGGTTT,CGGTTTTT,4240,0.000040,0.000040
1,TTGGGGGA,ACGTTATT,4236,0.000040,0.000040
1,GGGGGTTT,TGGTGATT,4236,0.000040,0.000040
1,ATGGGTTA,ACGTTTTT,4234,0.000040,0.000040
1,AAGCGGCG,GCAATTTT,4229,0.000040,0.000040
1,AATCGTTA,ACGGGATT,4214,0.000040,0.000040
1,TTGGGGCG,GCTGGTGG,4212,0.000040,0.000040
1,GGGGGTTA,AGGGGAGG,4204,0.000040,0.000040
1,GGGGGTTT,TGGTGAGG,4202,0.000040,0.000040
1,TTTGGGGC,TCAATATT,4175,0.000040,0.000040
1,ATGGGGCG,TCAATATT,4169,0.000039,0.000039
1,TTTGGTTA,ACGTTAGT,4166,0.000039,0.000039
1,AATCGTTA,ACGTGTTT,4146,0.000039,0.000039
1,TTTGGGGG,GGGTTTTG,4142,0.000039,0.000039
1,GGGCGTTA,ACGGGGGG,4116,0.000039,0.000039
1,TTGGGGGG,GGGTGTTT,4111,0.000039,0.000039
1,TTGGGTTA,TCGTGTGG,4106,0.000039,0.000039
1,TTGCGGCG,GCTATATT,4098,0.000039,0.000039
1,TTTGGTTA,TGATTTTT,4083,0.000039,0.000039
1,GGGGGGGG,TGAATATT,4074,0.000039,0.000039
1,TTGGGTTA,AGGTGATG,4053,0.000038,0.000038
1,AATCGGCG,GGGGTTTT,4043,0.000038,0.000038
1,GGGCGGCG,GGCGGGGG,4033,0.000038,0.000038
1,TTGGGGGG,GGTAGTTT,4022,0.000038,0.000038
1,CCGGGTTA,ACGGGAGG,4012,0.000038,0.000038
1,TTTGGGGG,GGGGGTTT,4008,0.000038,0.000038
1,TTTGGGTA,TGGTTTTT,4007,0.000038,0.000038
1,AATCGTTA,GCGTTATT,4000,0.000038,0.000038
1,AATCGGCG,GGGGGTTT,3996,0.000038,0.000038
1,TTGGGTTT,TCGTGTGT,3993,0.000038,0.000038
1,TATCGGCG,TCAATAGT,3993,0.000038,0.000038
1,TTGGGGGG,GGTGGTTG,3988,0.000038,0.000038
1,TTGGGGCG,GGAAGTGT,3988,0.000038,0.000038
1,TTGCGTTT,ACGTGTGG,3978,0.000038,0.000038
1,AATCGTAT,ACAATATT,3969,0.000038,0.000038
1,ACGCGGCG,GCAATATT,3951,0.000037,0.000037
1,TTTGGGGG,GGGTGTGG,3943,0.000037,0.000037
1,GGGGGTTT,ACGGTATT,3926,0.000037,0.000037
1,CCGGGTTA,CGGGGGGG,3925,0.000037,0.000037
1,TTTGGTTA,ACGTTTTG,3924,0.000037,0.000037
1,TTGGGGTA,AGGTTTTT,3920,0.000037,0.000037
1,TTGGGGGG,GGGGGTTT,3907,0.000037,0.000037
1,TATGGGCG,TGTATTTT,3905,0.000037,0.000037
1,GGGGGGGG,TGCCGGGG,3905,0.000037,0.000037
1,AATCGTTA,ACGTGAGG,3904,0.000037,0.000037
1,GGGGGGGG,ACGTTTTT,3902,0.000037,0.000037
1,ATTCGGCG,GGAATATT,3899,0.000037,0.000037
1,AATCGGCG,TCAAGATG,3897,0.000037,0.000037
1,TTGCGTTT,TGGTGTGG,3892,0.000037,0.000037
1,TTTGGTTT,TGGTTTGG,3882,0.000037,0.000037
1,GGGGGTTT,TGGTGGTT,3856,0.000037,0.000037
1,GGCTAACG,TCAATATT,3855,0.000036,0.000036
1,TGGGGGGG,TCAATATT,3849,0.000036,0.000036
1,TTGGGTTA,TGAATTTT,3843,0.000036,0.000036
1,CATGGTTA,ACGTTATT,3832,0.000036,0.000036
1,ATTCGTTA,TCGTTATT,3831,0.000036,0.000036
1,AATGGGCG,TCTATATT,3830,0.000036,0.000036
1,GGGGGTTT,ACGTGAGT,3821,0.000036,0.000036
1,TATGGGCG,GGAATTTT,3807,0.000036,0.000036
1,TTTGGTTA,AGGTGTGT,3796,0.000036,0.000036
1,GGGGGGGT,GGGGGGGG,3795,0.000036,0.000036
1,TATCGGCG,TGTATATT,3782,0.000036,0.000036
1,TTGGGGCG,GGTTTTTG,3781,0.000036,0.000036
1,ATTCGTTA,ACGTTAGT,3775,0.000036,0.000036
1,AAGCGTTA,ACGTGAGG,3772,0.000036,0.000036
1,GGGGGGGG,TGTGGGGG,3768,0.000036,0.000036
1,TTTGGGGG,TGTATATT,3767,0.000036,0.000036
1,GGGGGTTT,ACGTTATG,3765,0.000036,0.000036
1,AAGCGTTA,ACGGGATT,3764,0.000036,0.000036
1,CCGGGTTA,ACGTGAGT,3755,0.000036,0.000036
1,ATTCGGCG,TCTATATT,3754,0.000036,0.000036
1,TTTGGGCG,TGTAGTGG,3745,0.000035,0.000035
1,GGGGGTTT,AGGTGATG,3728,0.000035,0.000035
1,TTGGGTTA,GGAATTTT,3720,0.000035,0.000035
1,TTGGGTTA,TGTTTTTT,3717,0.000035,0.000035
1,GGGGGTGT,TGGGGGGG,3714,0.000035,0.000035
1,GGGGGTTA,TCAATATT,3712,0.000035,0.000035
1,TAGCGTTA,ACGTGATT,3711,0.000035,0.000035
1,TTGGGGGG,GGTATTGG,3710,0.000035,0.000035
1,TTGGGGCG,TGATTTTT,3709,0.000035,0.000035
1,CCGCGTTA,ACGTGAGG,3709,0.000035,0.000035
1,AGGGGTTT,ACGTTATT,3700,0.000035,0.000035
1,TTGGGTTA,TGGTTTGG,3694,0.000035,0.000035
1,TTTGGGGG,ACGTTATT,3689,0.000035,0.000035
1,TTTGGGCG,GCATTTTT,3677,0.000035,0.000035
1,ATGCGTTA,TCAATATT,3670,0.000035,0.000035
1,TTTGGTTA,TGGTGTGT,3667,0.000035,0.000035
1,GGGGGTTA,ACGTTATG,3667,0.000035,0.000035
1,AATCGGCG,TCAAGTTT,3667,0.000035,0.000035
1,TTTGGTTT,AGGTGTTG,3666,0.000035,0.000035
1,TTGCGGCG,GGTATATT,3666,0.000035,0.000035
1,AATCGGCG,CCATTTTG,3660,0.000035,0.000035
1,TTGGGTTA,ACTTTATT,3658,0.000035,0.000035
1,TTTGGGCG,GGGGGTGG,3628,0.000034,0.000034
1,GGGGGTTT,ACGGGATG,3624,0.000034,0.000034
1,TTTCGGCG,TCAATATG,3612,0.000034,0.000034
1,TTTGGGCG,GGGTGTGT,3606,0.000034,0.000034
1,AATCGGCG,GCAAGAGT,3605,0.000034,0.000034
1,GGGGGTTT,ACGGGATT,3598,0.000034,0.000034
1,TTGGGTTA,TGAATATT,3595,0.000034,0.000034
1,ATGCGTTA,ACGTTATG,3588,0.000034,0.000034
1,TTGCGTTA,ACGTTTTG,3580,0.000034,0.000034
1,TTTGGGGG,TCTATATT,3578,0.000034,0.000034
1,CCGCGTTA,ACGTGATG,3568,0.000034,0.000034
1,AATGGGGG,TCAATATT,3562,0.000034,0.000034
1,TTGGGGCG,TGTAGTTG,3559,0.000034,0.000034
1,TATCGGCG,GGGGGGGG,3559,0.000034,0.000034
1,TTTCGGCG,AGGTTATT,3558,0.000034,0.000034
1,AATGGGGA,TCAATATT,3541,0.000034,0.000034
1,TTGGGGCG,GGGGGTGT,3538,0.000033,0.000033
1,CCGCGTTA,ACGTTATG,3536,0.000033,0.000033
1,TTGGGTTG,TGGTTTTT,3530,0.000033,0.000033
1,TTGGGTTT,TGGGGTGT,3516,0.000033,0.000033
1,TTGGGTTA,AGGTTATG,3516,0.000033,0.000033
1,TTTCGTTA,ACGTGTTT,3508,0.000033,0.000033
1,TTTCGTTA,TGAATATT,3470,0.000033,0.000033
1,TTTGGTTT,AGGTTTTG,3467,0.000033,0.000033
1,CCGGGTTA,ACGTGGTG,3466,0.000033,0.000033
1,GGGCGGCG,GGTAGGGG,3463,0.000033,0.000033
1,AAGGGGGA,TCAATATT,3461,0.000033,0.000033
1,AATCGGTA,ACGTTATT,3445,0.000033,0.000033
1,TTGGGGCG,GGTTGTTG,3443,0.000033,0.000033
1,GGTGGTTT,AGGTTATT,3435,0.000033,0.000033
1,TTGGGGGG,GGTGTTGG,3422,0.000032,0.000032
1,TTTCGGCG,TCAATAGT,3415,0.000032,0.000032
1,TTGGGTTT,AGGTGAGT,3413,0.000032,0.000032
1,TTGGGGCG,TGTATTTG,3408,0.000032,0.000032
1,ATTGGTTT,AGGTTATT,3402,0.000032,0.000032
1,TTTGGTTT,TCAATTTT,3400,0.000032,0.000032
1,AATCGGCG,TCAATGTG,3399,0.000032,0.000032
1,CCGGGTTA,AGGTGATG,3386,0.000032,0.000032
1,AATCGTTC,ACGTTATT,3386,0.000032,0.000032
1,GGGGGTTA,ACGTGAGT,3377,0.000032,0.000032
1,TTGGGGGG,GGTCTTTT,3372,0.000032,0.000032
1,TATCGGGG,TCAATATT,3367,0.000032,0.000032
1,TTTCGGGG,TCAATTTT,3351,0.000032,0.000032
1,TATGGTTT,ACGTTATT,3337,0.000032,0.000032
1,TTGCGGGG,TCAATATT,3332,0.000032,0.000032
1,GGTGGGGG,GGTGGGGG,3331,0.000032,0.000032
1,TTGGGGCG,GGTGTTGT,3308,0.000031,0.000031
1,GTTGGGTT,ACGTTATT,3304,0.000031,0.000031
1,AAGCGTTT,ACGTTATT,3303,0.000031,0.000031
1,GGGCGGCG,GCCCGGGG,3299,0.000031,0.000031
1,GGGGGTTA,ACGTGGGG,3296,0.000031,0.000031
1,GGGGGTTA,ACGGGATG,3282,0.000031,0.000031
1,TATCGTTA,ACGTTATG,3275,0.000031,0.000031
1,TTTGGGCG,GGAATTGT,3264,0.000031,0.000031
1,AGTCGTTA,ACGTGATT,3263,0.000031,0.000031
1,TTTCGTTT,TCGTTATT,3255,0.000031,0.000031
1,TTTGGTTA,TGTATTTT,3253,0.000031,0.000031
1,TTTGGGCG,GGATTTGT,3240,0.000031,0.000031
1,TTGGGGGG,GGGGTTGT,3240,0.000031,0.000031
1,ATGGGTTA,AGGTTATT,3239,0.000031,0.000031
1,AATGGTTA,ACGTTATG,3234,0.000031,0.000031
1,TTGGGTTA,GGGTGTGT,3231,0.000031,0.000031
1,GGGGGTTA,AGGTGATT,3225,0.000031,0.000031
1,AATCGTTA,TCTATATT,3222,0.000030,0.000030
1,GGGCGTTA,ACGTGAGG,3221,0.000030,0.000030
1,TTGGGGGG,ACGTTTTT,3215,0.000030,0.000030
1,TTGGGTTT,TGGTGAGG,3209,0.000030,0.000030
1,GGGGGGTT,AGGGGGGG,3209,0.000030,0.000030
1,AATCGGCC,ACGTTATT,3206,0.000030,0.000030
1,AATCGGCG,TGTTTTTT,3204,0.000030,0.000030
1,TTTGGGCG,GGGGGTTT,3200,0.000030,0.000030
1,ACTCGGCG,GCAATATT,3163,0.000030,0.000030
1,GGGGGTTA,ACGGGATT,3157,0.000030,0.000030
1,AAGCGGCG,GCAATATG,3151,0.000030,0.000030
1,TTGGGGGT,TGGTTTTT,3147,0.000030,0.000030
1,TTTCGTTA,GGGGGGGG,3144,0.000030,0.000030
1,AAGCGGCG,GGAATATT,3138,0.000030,0.000030
1,TTGCGTTA,ACGTGTGT,3136,0.000030,0.000030
1,ATTGGTTA,TGGTTATT,3132,0.000030,0.000030
1,GGGGGTTT,AGGTGGGT,3129,0.000030,0.000030
1,AATCGGCG,GGTATATT,3129,0.000030,0.000030
1,TATCGGCG,TCAATATG,3127,0.000030,0.000030
1,TTGGGTTT,ACGTTAGG,3126,0.000030,0.000030
1,AATCGTTA,GCAATATT,3126,0.000030,0.000030
1,TTGGGTTT,AGGTTATG,3121,0.000030,0.000030
1,AAGCGGCG,GCAAGAGT,3087,0.000029,0.000029
1,TTGGGGCG,GGAGGTGG,3085,0.000029,0.000029
1,TTGGGTTA,GGGTTTGT,3080,0.000029,0.000029
1,TTGGGGGG,GGTCGTGG,3080,0.000029,0.000029
1,TATGGGCG,ACGTTATT,3069,0.000029,0.000029
1,TTGGGTTA,TCTATATT,3062,0.000029,0.000029
1,TTGGGTTA,AGGTGAGT,3060,0.000029,0.000029
1,ATTGGTTA,ACGTGATT,3059,0.000029,0.000029
1,GGGGGTTA,ACGGTATT,3056,0.000029,0.000029
1,TTTGGGCG,GGTATATT,3045,0.000029,0.000029
1,GGGGGGCG,GCCAGGGG,3043,0.000029,0.000029
1,GGGCGTTT,AGGGGGGG,3042,0.000029,0.000029
1,TTTGGGCG,GGGTTTTG,3036,0.000029,0.000029
1,TTTCGGGG,GGAATTTT,3034,0.000029,0.000029
